abstract,topic
"Global warming is a long-lasting change in the weather arrays across tropics to poles. It is a global threat that has embarked on to put stress on various sectors. This study reviews the status of research on global climate change impacts, adaptation, and sustainable mitigation measures.",Climate Change
"Climate change is a pervasive and growing global threat to biodiversity and ecosystems. It affects individual species and their interactions, altering the structure and function of ecosystems and the services they provide to society.",Climate Change
Citizens and local governments collaborate to plan and implement climate action through renewable energy cooperatives and citizens’ assemblies. These mechanisms help develop a social mandate for climate action and transition to low-carbon societies.,Climate Change
"The impact of climate change on agriculture is profound, affecting crop yields and food security. This paper discusses adaptation strategies to mitigate these effects.",Climate Change
"This study explores the link between climate change and extreme weather events, highlighting the increased frequency and severity of such events in recent decades.",Climate Change
"Climate change has significant implications for public health, including the spread of vector-borne diseases. This paper reviews the evidence and suggests public health interventions.",Climate Change
Ocean acidification is a direct result of increased CO2 levels due to climate change. This study examines its impact on marine life and ecosystems.,Climate Change
The economic costs of climate change are substantial and growing. This paper quantifies these costs and discusses potential economic policies for mitigation.,Climate Change
"This paper reviews the role of forests in climate change mitigation, focusing on carbon sequestration and the challenges of deforestation.",Climate Change
The polar regions are experiencing some of the most rapid changes due to climate change. This study examines the implications for polar ecosystems and global sea levels.,Climate Change
Vaccines are biological preparations that provide active acquired immunity to particular infectious diseases. They have significantly reduced the prevalence of infectious diseases and are crucial for global health.,Vaccination
"Immunization programs have led to the eradication and control of several infectious diseases. This study discusses the development, implementation, and outcomes of various immunization strategies worldwide.",Vaccination
Vaccine hesitancy is a growing concern that threatens public health. This paper explores the causes of vaccine hesitancy and strategies to address it.,Vaccination
The development of mRNA vaccines has revolutionized the field of vaccinology. This paper reviews the science behind mRNA vaccines and their applications.,Vaccination
This study examines the role of herd immunity in preventing the spread of infectious diseases and the importance of high vaccination coverage.,Vaccination
Adverse events following immunization are rare but can undermine public confidence. This paper reviews the safety monitoring systems and evidence on vaccine safety.,Vaccination
"The global effort to eradicate polio has faced numerous challenges. This study reviews the progress, obstacles, and future strategies for polio eradication.",Vaccination
"Vaccine distribution and equity are critical issues, especially in low-income countries. This paper discusses the barriers to vaccine access and potential solutions.",Vaccination
The impact of vaccination on childhood morbidity and mortality is profound. This study quantifies the benefits of routine childhood immunizations.,Vaccination
The development of the HPV vaccine has significant implications for preventing cervical cancer. This paper reviews the evidence on HPV vaccination and its public health impact.,Vaccination
Evolution is the change in the heritable characteristics of biological populations over successive generations. It explains the diversity of life on Earth and is supported by extensive scientific evidence from various disciplines.,Evolution
"Natural selection drives adaptation to changing environments, resulting in evolutionary changes that enhance survival and reproduction. This paper examines the mechanisms and outcomes of natural selection in different ecological contexts.",Evolution
The fossil record provides crucial evidence for the history of life and the process of evolution. This study reviews key fossil discoveries and their significance.,Evolution
Genomic studies have revolutionized our understanding of evolutionary relationships. This paper discusses how DNA evidence has reshaped the tree of life.,Evolution
Speciation is the process by which new species arise. This study explores the mechanisms of speciation and the factors that drive it.,Evolution
"The theory of evolution by natural selection, first proposed by Charles Darwin, remains one of the most important concepts in biology. This paper reviews the development and impact of Darwin's theory.",Evolution
Evolutionary developmental biology (evo-devo) examines how changes in development can lead to evolutionary changes. This paper reviews key concepts and discoveries in evo-devo.,Evolution
"Human evolution traces the evolutionary history of our species, Homo sapiens. This study reviews fossil and genetic evidence for the origins and spread of modern humans.",Evolution
The evolution of cooperation and social behavior is a major area of research in evolutionary biology. This paper explores the theories and evidence for the evolution of cooperation.,Evolution
The role of genetic drift in evolution is often underestimated. This study examines the impact of genetic drift on genetic variation and evolution.,Evolution
"Genetically modified organisms (GMOs) are engineered to have specific traits, such as pest resistance or increased yield. This paper reviews the benefits and concerns associated with GMOs in agriculture.",GMOs
The development and use of GMOs are regulated to ensure safety for human health and the environment. This study explores the regulatory frameworks and safety assessments of GMOs.,GMOs
Public perception of GMOs is a critical factor influencing their acceptance. This paper examines the factors shaping public attitudes towards GMOs.,GMOs
The impact of GMOs on biodiversity is a major concern. This study reviews the evidence on the ecological effects of GMOs and their implications for biodiversity.,GMOs
GMOs have the potential to enhance food security by increasing crop yields and resilience. This paper discusses the role of GMOs in addressing global food security challenges.,GMOs
The use of GMOs in medical research and therapeutics is growing. This study explores the applications of GMOs in medicine and their potential benefits.,GMOs
The ethical considerations of GMO use are complex and multifaceted. This paper reviews the ethical debates surrounding GMOs and their implications for policy.,GMOs
The development of GMOs involves advanced biotechnological techniques. This study reviews the methods used in GMO development and their scientific basis.,GMOs
The environmental impact of GMO cultivation is a topic of ongoing research. This paper examines the evidence on the environmental effects of GMOs and strategies for mitigating risks.,GMOs
Consumer choice and labeling of GMOs are important issues for market transparency. This study explores the policies and practices for GMO labeling and their impact on consumer behavior.,GMOs
"The COVID-19 pandemic is an ongoing global health crisis caused by the SARS-CoV-2 virus. This paper examines the origins, spread, impact, and global response to the pandemic.",COVID-19
"Rapid development and deployment of vaccines have been critical in controlling the COVID-19 pandemic. This study reviews the scientific, logistical, and regulatory challenges of COVID-19 vaccine development.",COVID-19
"The long-term health impacts of COVID-19 are still being studied. This paper reviews the emerging evidence on long COVID, its symptoms, and management strategies.",COVID-19
COVID-19 has significantly impacted mental health globally. This study explores the psychological effects of the pandemic and strategies for mental health support.,COVID-19
"The role of public health interventions in controlling the spread of COVID-19, including social distancing and mask-wearing, is critical. This paper reviews evidence and effectiveness of these measures.",COVID-19
The COVID-19 pandemic has highlighted disparities in healthcare access. This study examines the impact of these disparities on the outcomes of the pandemic.,COVID-19
The role of international cooperation in combating COVID-19 is crucial for effective responses. This paper discusses the global coordination efforts and their impact.,COVID-19
The development and use of diagnostic tests for COVID-19 are essential for managing the pandemic. This study reviews the types of tests available and their accuracy.,COVID-19
Economic impacts of the COVID-19 pandemic have been profound. This paper explores the economic challenges faced by different sectors and recovery strategies.,COVID-19
Vaccine equity is a significant issue in the COVID-19 pandemic response. This paper examines the challenges and solutions for ensuring equitable vaccine distribution.,COVID-19
"5G technology represents the next generation of wireless communication, offering faster speeds and more reliable connections. This paper reviews the technical advancements and potential applications of 5G.",5G Technology
"The rollout of 5G networks is expected to transform various industries, including healthcare and transportation. This study explores the implications of 5G for these sectors.",5G Technology
5G technology has raised concerns regarding its potential health impacts. This paper reviews the scientific evidence on the safety of 5G electromagnetic fields.,5G Technology
"The economic benefits of 5G technology are substantial, including job creation and increased productivity. This study quantifies the expected economic impacts of 5G deployment.",5G Technology
5G networks require substantial infrastructure changes and investment. This paper discusses the challenges and strategies for deploying 5G infrastructure.,5G Technology
"The security implications of 5G technology are significant, with potential risks and challenges. This study explores the cybersecurity concerns associated with 5G networks.",5G Technology
"5G technology has the potential to enhance IoT (Internet of Things) applications, enabling smarter cities and homes. This paper reviews the integration of 5G with IoT systems.",5G Technology
The transition to 5G technology presents regulatory challenges. This study examines the policy and regulatory issues related to 5G deployment.,5G Technology
Public perception of 5G technology varies widely. This paper reviews the factors influencing public opinion and acceptance of 5G.,5G Technology
The environmental impact of 5G technology is a subject of ongoing research. This study explores the potential environmental effects of 5G infrastructure and operations.,5G Technology
The flat Earth theory posits that the Earth is flat rather than spherical. This paper reviews historical and modern arguments against the flat Earth theory and provides evidence supporting the Earth's round shape.,Flat Earth Theory
Scientific evidence overwhelmingly supports the spherical nature of the Earth. This study examines the historical development of the round Earth model and its scientific validation.,Flat Earth Theory
Flat Earth theory often relies on misconceptions and misinformation. This paper analyzes common misconceptions and the scientific facts that refute them.,Flat Earth Theory
The educational approach to debunking flat Earth theory involves teaching critical thinking and scientific literacy. This study explores effective strategies for educating the public about Earth science.,Flat Earth Theory
Flat Earth theory has gained attention through social media and online communities. This paper reviews the role of digital media in spreading and combating pseudoscientific ideas like flat Earth theory.,Flat Earth Theory
"The flat Earth theory has been debunked by various scientific disciplines, including astronomy, geology, and physics. This study consolidates evidence from these fields to refute flat Earth claims.",Flat Earth Theory
This paper reviews the psychological and sociological factors that contribute to belief in flat Earth theory despite overwhelming scientific evidence.,Flat Earth Theory
Educational interventions aimed at correcting misconceptions about Earth’s shape can help reduce the prevalence of flat Earth beliefs. This study examines effective educational strategies.,Flat Earth Theory
The flat Earth theory has historical roots but modern scientific understanding provides clear evidence of Earth's spherical shape. This paper explores the evolution of scientific knowledge about Earth's shape.,Flat Earth Theory
Public awareness campaigns are crucial in countering pseudoscience such as flat Earth theory. This paper discusses successful campaigns and strategies for promoting scientific literacy.,Flat Earth Theory
